iteration,loss,ema_loss,lr,grad_norm,phi_norm,trace_q_mean,trace_q_std,eta_mean,eta_std,s0_min,s0_max,s0_mean,sT_min,sT_max,sT_mean,Q_norm,time
200,6.890120983123779,6.99045185717997,8e-05,2.5124453427710827,0.6028056740760803,4.253729820251465,0.16817478835582733,-0.15114742517471313,0.01609935238957405,-1.6963412761688232,3.0762314796447754,0.5063864588737488,-0.1916949450969696,1.1958165168762207,0.5022218823432922,2.5979514122009277,2.5231661796569824
400,6.440178871154785,6.437266183215975,0.00016,0.4394746627812557,0.9336482882499695,3.8619441986083984,0.3570702373981476,-1.1196608543395996,0.05447276309132576,-1.9656541347503662,2.9018917083740234,0.4989054799079895,-0.18641991913318634,1.1741644144058228,0.49706920981407166,0.8628232479095459,4.501267194747925
600,6.329039096832275,6.2227213251585916,0.00024,0.5639255128018247,1.0490972995758057,4.158052444458008,0.3478831648826599,-1.8988456726074219,0.005441739223897457,-1.8190364837646484,3.064521074295044,0.5025392770767212,-0.1722179651260376,1.2076232433319092,0.502751350402832,0.6669516563415527,6.447991371154785
800,5.869965553283691,5.839498087379911,0.00032,1.1307947360456674,1.1866244077682495,2.830040454864502,0.6994550228118896,-1.9238288402557373,0.02047681249678135,-1.9586848020553589,2.7623701095581055,0.4975014626979828,-0.18965671956539154,1.1783220767974854,0.501658022403717,0.9032562971115112,8.430528402328491
1000,5.4437689781188965,5.4953323883333915,0.0004,1.6992642455066536,1.281569480895996,1.2252655029296875,0.6831670999526978,-1.6977381706237793,0.29301220178604126,-1.9097743034362793,3.2368693351745605,0.5039976239204407,-0.18694527447223663,1.1990269422531128,0.5005686283111572,1.6661587953567505,10.410189151763916
1200,5.3425116539001465,5.378493941707961,0.00048,1.5816448427059948,1.3413360118865967,0.6440519094467163,0.7115291953086853,-1.7051701545715332,0.27643105387687683,-1.6871942281723022,2.8948733806610107,0.5039017200469971,-0.17770951986312866,1.1949750185012817,0.49883243441581726,1.8980276584625244,12.43311333656311
1400,5.201528072357178,5.201221692068343,0.0005600000000000001,1.8511873899965483,1.431711196899414,-0.20834621787071228,0.7504584789276123,-1.7053484916687012,0.2994203269481659,-2.0223464965820312,2.9123969078063965,0.49701404571533203,-0.18204443156719208,1.1735810041427612,0.49575141072273254,2.0474209785461426,14.437129020690918
1600,5.001859188079834,5.009803180556316,0.00064,1.4639272993585866,1.4952080249786377,-1.2112090587615967,0.8316124081611633,-1.7151508331298828,0.2689899206161499,-1.843757152557373,2.9966747760772705,0.5002812147140503,-0.2002689689397812,1.1922309398651123,0.5011240839958191,2.214327096939087,16.451961278915405
1800,4.836845397949219,4.8638138083977775,0.0007199999999999999,1.6077896939822571,1.4900398254394531,-1.9702181816101074,0.7716428637504578,-1.705085039138794,0.27719220519065857,-2.0459089279174805,2.8716959953308105,0.49944883584976196,-0.2027146816253662,1.184929370880127,0.4975518584251404,2.3216259479522705,18.447495460510254
2000,4.73683500289917,4.792819200858345,0.0008,2.15227768098439,1.5607298612594604,-2.3505172729492188,0.778975784778595,-1.7071402072906494,0.28082984685897827,-1.9310684204101562,2.798813819885254,0.5066211819648743,-0.2003690004348755,1.1837855577468872,0.5026509165763855,2.4044947624206543,20.454787254333496
2200,4.7203240394592285,4.694110848141776,0.00088,2.230966912675157,1.5764069557189941,-2.666566848754883,0.816939651966095,-1.7436714172363281,0.2536885142326355,-2.1916322708129883,3.0209107398986816,0.501981794834137,-0.1998438686132431,1.1912851333618164,0.4975427985191345,2.4215822219848633,22.489936113357544
2400,4.5187668800354,4.578971769028621,0.00096,2.192380934014794,1.603200912475586,-2.9854249954223633,0.7102550268173218,-1.7527117729187012,0.2430502027273178,-1.790513038635254,2.930813789367676,0.5028522610664368,-0.20709620416164398,1.1947139501571655,0.5005714893341064,2.392404079437256,24.567636489868164
2600,4.499886512756348,4.461796901344911,tensor(0.0010),2.066311659505687,1.6320258378982544,-3.0855188369750977,0.6687723398208618,-1.7925641536712646,0.2152872383594513,-1.9615541696548462,2.8803131580352783,0.4913890063762665,-0.17730137705802917,1.1812775135040283,0.494789183139801,2.29439640045166,26.80454421043396
2800,4.273881435394287,4.332299443134741,tensor(0.0010),2.205884458897393,1.6759647130966187,-3.182784080505371,0.6378803253173828,-1.8369431495666504,0.18899880349636078,-1.638359785079956,3.172248363494873,0.49500328302383423,-0.1744331419467926,1.1763561964035034,0.49196669459342957,2.1744890213012695,29.13252568244934
3000,4.220485210418701,4.250103756857954,tensor(0.0010),2.0596864057190705,1.6817600727081299,-3.2970237731933594,0.5926613807678223,-1.8701236248016357,0.16269579529762268,-1.997991681098938,2.771519422531128,0.508331835269928,-0.16976356506347656,1.1877599954605103,0.5033305287361145,2.1406874656677246,31.46191644668579
3200,4.146421432495117,4.160956296598459,tensor(0.0010),2.1772328084387595,1.6863629817962646,-3.44558048248291,0.5362004637718201,-1.9003440141677856,0.1417771577835083,-1.8834155797958374,2.886735439300537,0.5024284720420837,-0.193442240357399,1.1748998165130615,0.4968664050102234,2.0298423767089844,33.81747126579285
3400,3.9800026416778564,4.0335548701075465,tensor(0.0010),2.0283168390784088,1.6948091983795166,-3.485316514968872,0.5425013899803162,-1.9307188987731934,0.10566515475511551,-1.7561132907867432,2.7278757095336914,0.5050340294837952,-0.20421330630779266,1.1785825490951538,0.49781280755996704,1.913642168045044,36.17081069946289
3600,3.934370517730713,3.941079682834174,tensor(0.0010),1.9478657032986073,1.7452253103256226,-3.5086488723754883,0.4987929165363312,-1.9609873294830322,0.0639428198337555,-1.903286337852478,3.2400856018066406,0.502687931060791,-0.18574537336826324,1.2042887210845947,0.4993850290775299,1.7940505743026733,38.465070486068726
3800,3.8318798542022705,3.852484138168689,tensor(0.0010),2.0015337953758814,1.7424201965332031,-3.4834790229797363,0.47926533222198486,-1.9704601764678955,0.054998766630887985,-2.190788984298706,2.808289051055908,0.5002613663673401,-0.19837631285190582,1.1951581239700317,0.49622663855552673,1.7205650806427002,40.77109885215759
4000,3.762592077255249,3.7642005138601693,tensor(0.0010),1.8329713259150964,1.798677682876587,-3.457157611846924,0.46463462710380554,-1.9829379320144653,0.033133119344711304,-2.2035908699035645,2.8825063705444336,0.49843868613243103,-0.18342795968055725,1.1626813411712646,0.4999828338623047,1.648686170578003,43.072551250457764
4200,3.6784827709198,3.6835653107445285,tensor(0.0010),1.8675345438856552,1.7683861255645752,-3.495577335357666,0.44522514939308167,-1.9938218593597412,0.013051506131887436,-1.7894011735916138,2.9544525146484375,0.490759938955307,-0.20942845940589905,1.1995517015457153,0.4927854835987091,1.5572720766067505,45.42460608482361
4400,3.6445891857147217,3.6119481518433973,tensor(0.0010),2.123435087072977,1.8292903900146484,-3.4775683879852295,0.45652905106544495,-1.9990342855453491,0.001947595039382577,-1.918837070465088,3.0879886150360107,0.5037350058555603,-0.2087756246328354,1.1986583471298218,0.5000067949295044,1.4799132347106934,47.72008466720581
4600,3.510080575942993,3.527655179516373,tensor(0.0010),1.9909620365090133,1.8333008289337158,-3.464876174926758,0.4319585859775543,-1.9997526407241821,0.00048007594887167215,-1.9007847309112549,3.0496721267700195,0.5038022398948669,-0.208114892244339,1.211085557937622,0.501072883605957,1.4124855995178223,50.007110357284546
4800,3.4625728130340576,3.447401389605719,tensor(0.0010),1.9115587583731777,1.831204891204834,-3.5084228515625,0.4028267562389374,-1.9998879432678223,0.0002172820531995967,-1.9115134477615356,2.986417531967163,0.504249095916748,-0.17238613963127136,1.1738200187683105,0.4995771646499634,1.3461012840270996,52.304731607437134
5000,3.367064952850342,3.373865746023606,tensor(0.0010),1.8990153666704306,1.8252274990081787,-3.4798290729522705,0.4118998944759369,-1.9999346733093262,0.0001175825236714445,-1.8222448825836182,3.011387825012207,0.504421055316925,-0.18420304358005524,1.2156225442886353,0.5016967058181763,1.3016211986541748,54.60968565940857
5200,3.321376323699951,3.3269454559385734,tensor(0.0010),1.7255134509216936,1.84317147731781,-3.4666762351989746,0.4189562201499939,-1.9999611377716064,7.11143875378184e-05,-2.0525710582733154,3.0188212394714355,0.509532630443573,-0.1900719851255417,1.2007118463516235,0.5064269304275513,1.2993700504302979,56.89826965332031
5400,3.326611042022705,3.2832259081672004,tensor(0.0010),2.232981108493942,1.8596012592315674,-3.4090614318847656,0.38150760531425476,-1.9999679327011108,5.5515574786113575e-05,-1.9855144023895264,2.9991559982299805,0.5020750164985657,-0.21756651997566223,1.1808691024780273,0.5007016658782959,1.247840166091919,59.19532775878906
5600,3.231677293777466,3.2370856005321764,tensor(0.0010),2.1033831275427253,1.883887767791748,-3.3729605674743652,0.39306750893592834,-1.9999804496765137,3.430100696277805e-05,-1.876181721687317,3.218474864959717,0.5036444067955017,-0.1885806769132614,1.1867625713348389,0.49901819229125977,1.2245147228240967,61.49051094055176
5800,3.24426007270813,3.204566422406823,tensor(0.0010),1.8290529106484652,1.8870857954025269,-3.3748233318328857,0.3896578252315521,-1.9999828338623047,2.807377495628316e-05,-1.8607341051101685,3.040193557739258,0.5091752409934998,-0.20919688045978546,1.1889890432357788,0.5053346753120422,1.199418306350708,63.796565532684326
6000,3.1432321071624756,3.1514375839507314,tensor(0.0010),1.8046771858587545,1.8587356805801392,-3.3352980613708496,0.3937753438949585,-1.9999876022338867,2.001917891902849e-05,-1.7950447797775269,3.2940664291381836,0.4991534352302551,-0.17082306742668152,1.1869827508926392,0.49953222274780273,1.1758430004119873,66.09895253181458
6200,3.08333420753479,3.091360928974818,tensor(0.0010),1.8180397038881932,1.929889440536499,-3.2405664920806885,0.43055662512779236,-1.9999897480010986,1.620463081053458e-05,-1.925827980041504,2.7369894981384277,0.5045234560966492,-0.2098703682422638,1.1791574954986572,0.5015093088150024,1.1660468578338623,68.40725374221802
6400,3.042783498764038,3.0395805536244223,tensor(0.0010),1.783373600618627,1.9500651359558105,-3.2279372215270996,0.4066574275493622,-1.9999914169311523,1.3521410437533632e-05,-1.9271482229232788,2.751652479171753,0.5124769806861877,-0.17780861258506775,1.1732804775238037,0.5080577731132507,1.1428933143615723,70.77177882194519
6600,3.0059690475463867,2.999344003419191,tensor(0.0010),1.873119315844121,1.9364430904388428,-3.1936192512512207,0.43211543560028076,-1.9999938011169434,9.924649930326268e-06,-1.9995604753494263,2.966172218322754,0.49948474764823914,-0.18582114577293396,1.209924340248108,0.4995318353176117,1.1205737590789795,73.05097389221191
6800,2.87926983833313,2.9481245693633853,tensor(0.0010),1.7880467252242616,1.939871072769165,-3.092257022857666,0.45043888688087463,-1.9999940395355225,8.841153430694249e-06,-1.9087255001068115,3.0222997665405273,0.5081387758255005,-0.19025377929210663,1.1943389177322388,0.5011788606643677,1.1104605197906494,75.35593938827515
7000,2.891631603240967,2.907945128365755,tensor(0.0010),1.5874022554000486,1.9328255653381348,-3.0856614112854004,0.44874095916748047,-1.9999949932098389,7.690590791753493e-06,-1.808882713317871,2.898252010345459,0.5022213459014893,-0.19207511842250824,1.1819453239440918,0.49912965297698975,1.0902286767959595,77.58418393135071
7200,2.828181266784668,2.8829752084220224,tensor(0.0010),1.8663206172431843,1.9796042442321777,-2.9877400398254395,0.44080203771591187,-1.999995470046997,6.344028406601865e-06,-1.990652322769165,2.65366792678833,0.5030057430267334,-0.1878107339143753,1.199375867843628,0.49974966049194336,1.064303994178772,79.84061074256897
7400,2.8623545169830322,2.8481830288976298,tensor(0.0010),2.0137062157385333,1.9798671007156372,-2.938828945159912,0.46359655261039734,-1.9999957084655762,5.637622052745428e-06,-1.9353652000427246,3.1174557209014893,0.5032562017440796,-0.21397407352924347,1.1846556663513184,0.5016501545906067,1.0462182760238647,82.10672354698181
7600,2.834620714187622,2.810346405250422,tensor(0.0010),1.9070061045949631,1.993624210357666,-2.8528106212615967,0.43235713243484497,-1.9999973773956299,4.2010519791801926e-06,-1.8497262001037598,3.2480921745300293,0.507097065448761,-0.18571405112743378,1.1927745342254639,0.5008557438850403,1.0355099439620972,84.33944463729858
7800,2.7936623096466064,2.7822389294501524,tensor(0.0010),1.883891980980705,2.0076584815979004,-2.7740917205810547,0.45957037806510925,-1.9999973773956299,3.850740995403612e-06,-2.1147520542144775,2.9823124408721924,0.5009212493896484,-0.19834928214550018,1.2033097743988037,0.4993044137954712,1.034096121788025,86.58141779899597
8000,2.7442119121551514,2.764366805218997,tensor(0.0010),2.0080517840250174,2.030231475830078,-2.664238929748535,0.44643718004226685,-1.9999974966049194,3.4470740502001718e-06,-2.0418901443481445,3.1141295433044434,0.5112171769142151,-0.21425199508666992,1.1857013702392578,0.5067705512046814,1.0342155694961548,88.85631132125854
8200,2.6761462688446045,2.7253313055955912,tensor(0.0010),1.7030708878446204,1.9968547821044922,-2.6605563163757324,0.4792764484882355,-1.9999980926513672,2.7260800834483234e-06,-1.871537685394287,3.061843156814575,0.5045965313911438,-0.18869301676750183,1.2016215324401855,0.5018093585968018,1.032488226890564,91.11163258552551
8400,2.7070462703704834,2.7159160865850676,tensor(0.0010),2.0608263074327375,2.0251879692077637,-2.563828945159912,0.44722941517829895,-1.9999983310699463,2.5664899112598505e-06,-1.8788707256317139,3.0487420558929443,0.5062434077262878,-0.19887332618236542,1.2044159173965454,0.5038937926292419,1.0360405445098877,93.44224834442139
8600,2.7102255821228027,2.698140512227478,tensor(0.0010),2.123623990075994,1.9908061027526855,-2.4727635383605957,0.4434445798397064,-1.9999983310699463,2.115018787662848e-06,-2.051337480545044,3.101076126098633,0.5001066327095032,-0.1962524950504303,1.2137004137039185,0.4975990653038025,1.0356159210205078,95.71684074401855
8800,2.6993303298950195,2.676239239412073,tensor(0.0010),1.7301169629917823,1.9969162940979004,-2.413095712661743,0.46452540159225464,-1.9999985694885254,2.0487393612711458e-06,-1.925842523574829,2.8855843544006348,0.5056883096694946,-0.2060791254043579,1.1777138710021973,0.4996357560157776,1.0400100946426392,98.0136878490448
9000,2.6743814945220947,2.667229266170409,tensor(0.0010),1.7195907384803886,2.026089668273926,-2.3458914756774902,0.45930978655815125,-1.9999988079071045,1.833657393035537e-06,-1.9693644046783447,2.7336525917053223,0.49707767367362976,-0.20923028886318207,1.183384895324707,0.4974733889102936,1.0447895526885986,100.31351566314697
9200,2.65118408203125,2.6447599246978983,tensor(0.0010),1.9407405769759487,2.038646697998047,-2.3061909675598145,0.4684905409812927,-1.9999988079071045,1.5835283875276218e-06,-1.8782917261123657,3.000028610229492,0.5054954290390015,-0.20220902562141418,1.1795252561569214,0.5022233724594116,1.0475468635559082,102.61831092834473
9400,2.6123392581939697,2.629524514261391,tensor(0.0010),1.9407607427521214,2.087599754333496,-2.2809691429138184,0.4965904951095581,-1.9999988079071045,1.4823297078692121e-06,-1.7355796098709106,3.0604708194732666,0.5050235986709595,-0.1787986010313034,1.2031276226043701,0.5030286312103271,1.0517082214355469,104.93825173377991
9600,2.607227087020874,2.6152096371216613,tensor(0.0010),1.9206126502344185,1.9954707622528076,-2.314521312713623,0.48093780875205994,-1.9999990463256836,1.3427888916339725e-06,-1.7718344926834106,2.828261375427246,0.5077351331710815,-0.21587279438972473,1.1795419454574585,0.5019382834434509,1.0539791584014893,107.25046801567078
9800,2.5894129276275635,2.595651723782557,tensor(0.0009),2.080592459254069,2.0250043869018555,-2.252540349960327,0.5129953622817993,-1.9999992847442627,1.1161415613969439e-06,-1.7502539157867432,2.8172905445098877,0.5007266402244568,-0.1868351548910141,1.1810739040374756,0.4984770715236664,1.0567954778671265,109.60032653808594
10000,2.5447258949279785,2.593629228188861,tensor(0.0009),1.8748966119829575,2.0314552783966064,-2.2879178524017334,0.47776830196380615,-1.9999992847442627,1.0233460443487274e-06,-1.8270560503005981,3.2535526752471924,0.5041658282279968,-0.22467349469661713,1.2045150995254517,0.5023038983345032,1.060359239578247,111.87662959098816
10200,2.587754011154175,2.583466341552072,tensor(0.0009),1.9571900163344182,2.0199637413024902,-2.2615966796875,0.4840206801891327,-1.9999992847442627,9.249334311789426e-07,-1.7836146354675293,3.050915002822876,0.49491000175476074,-0.20510439574718475,1.193467378616333,0.49858358502388,1.0631120204925537,114.20527601242065
10400,2.601824998855591,2.576744937870785,tensor(0.0009),1.9435836092210625,2.0744874477386475,-2.2211458683013916,0.506345272064209,-1.9999992847442627,8.559832167520653e-07,-1.7922370433807373,3.0447020530700684,0.5052362084388733,-0.19386334717273712,1.203054666519165,0.5035271644592285,1.0672839879989624,116.6045618057251
10600,2.574110984802246,2.5606401070010554,tensor(0.0009),1.8786167735667196,2.0347609519958496,-2.2464582920074463,0.4811929166316986,-1.9999995231628418,7.965965664880059e-07,-2.201824426651001,3.0963258743286133,0.5057452917098999,-0.1743014007806778,1.20241117477417,0.4987821877002716,1.0705759525299072,118.89095211029053
10800,2.601184129714966,2.558569929665352,tensor(0.0009),1.9678710130391261,2.0239996910095215,-2.2386474609375,0.4868556559085846,-1.9999995231628418,6.890963959449437e-07,-2.0227274894714355,3.1139211654663086,0.49519574642181396,-0.2082785815000534,1.2082616090774536,0.4963233470916748,1.0710071325302124,121.16633224487305
11000,2.5403010845184326,2.536740701276365,tensor(0.0009),1.7994832943917616,2.0631728172302246,-2.1802868843078613,0.49236494302749634,-1.9999995231628418,6.430545909097418e-07,-2.0973145961761475,3.1381990909576416,0.5017512440681458,-0.1959841400384903,1.197468638420105,0.500544011592865,1.0743885040283203,123.47491192817688
11200,2.523843765258789,2.526254626159704,tensor(0.0009),1.9226109438011154,2.0665955543518066,-2.237337112426758,0.5006430149078369,-1.9999996423721313,5.393306423684407e-07,-1.7340608835220337,2.681546688079834,0.49745282530784607,-0.18135082721710205,1.1683776378631592,0.498950332403183,1.0771524906158447,125.77994394302368
11400,2.5160419940948486,2.5284261958089727,tensor(0.0009),1.9167370819381522,2.077627182006836,-2.1853649616241455,0.4792247712612152,-1.9999995231628418,5.126165092406154e-07,-2.2237796783447266,3.104398250579834,0.5100086331367493,-0.20603518187999725,1.2105987071990967,0.5066570043563843,1.0782959461212158,128.0871000289917
11600,2.494347333908081,2.509211883140412,tensor(0.0009),2.0240933118023663,2.060769557952881,-2.1307411193847656,0.4678850471973419,-1.999999761581421,4.480465634060238e-07,-1.865830898284912,2.828753709793091,0.49987390637397766,-0.17845819890499115,1.1985392570495605,0.4993852972984314,1.0811409950256348,130.42202162742615
11800,2.534608840942383,2.508664533689053,tensor(0.0009),2.072910847349357,2.0602076053619385,-2.2036948204040527,0.5172707438468933,-1.999999761581421,4.589012974065554e-07,-1.9254322052001953,2.8243231773376465,0.5072672367095947,-0.21515510976314545,1.1993855237960815,0.5022266507148743,1.08440363407135,132.7083659172058
12000,2.5114829540252686,2.5068043320882105,tensor(0.0009),1.9957736368264032,2.0491175651550293,-2.1635069847106934,0.5006844997406006,-1.999999761581421,3.772309753458103e-07,-1.8049122095108032,2.7971410751342773,0.504653811454773,-0.19561545550823212,1.210532784461975,0.5029259324073792,1.085416555404663,135.00843453407288
12200,2.483579635620117,2.4825530456495204,tensor(0.0009),2.183766514881726,2.051365852355957,-2.1909704208374023,0.46891212463378906,-1.999999761581421,3.512726891585771e-07,-1.982796549797058,2.794246196746826,0.5008350014686584,-0.2103266716003418,1.2051995992660522,0.5024599432945251,1.0885533094406128,137.28960180282593
12400,2.4255259037017822,2.48710408123292,tensor(0.0009),1.9801075103931784,2.091181755065918,-2.141453742980957,0.5168157815933228,-1.999999761581421,3.039023681594699e-07,-1.816129446029663,3.0182838439941406,0.4981268346309662,-0.21934711933135986,1.2086290121078491,0.49886801838874817,1.093219518661499,139.58677744865417
12600,2.435556650161743,2.475676685712348,tensor(0.0009),1.8760525235486447,2.0824215412139893,-2.135080575942993,0.5249251127243042,-1.999999761581421,2.910957732638053e-07,-1.8200687170028687,3.2050929069519043,0.5009281635284424,-0.19034942984580994,1.209990382194519,0.5003381371498108,1.0956244468688965,141.85239267349243
12800,2.4578661918640137,2.4649947539967507,tensor(0.0009),2.16605118342334,2.0479514598846436,-2.157362222671509,0.4888003170490265,-1.999999761581421,2.7687175929713703e-07,-1.665209174156189,3.1102755069732666,0.49880918860435486,-0.2105938196182251,1.1970510482788086,0.500495970249176,1.0971958637237549,144.10425972938538
13000,2.476381540298462,2.453810785441879,tensor(0.0009),2.4979004419740165,2.0750222206115723,-2.1527442932128906,0.5071868300437927,-1.999999761581421,2.4737758508308616e-07,-1.6604728698730469,3.055873394012451,0.5070736408233643,-0.21844299137592316,1.174017071723938,0.5058578848838806,1.0984501838684082,146.34225010871887
13200,2.4471044540405273,2.4487243715924207,tensor(0.0009),2.221725390735469,2.09002947807312,-2.121983051300049,0.49315792322158813,-1.999999761581421,2.5615901222408866e-07,-2.042595863342285,2.933723211288452,0.49425801634788513,-0.21124665439128876,1.209322452545166,0.4948774576187134,1.1008405685424805,148.60307455062866
13400,2.4190757274627686,2.4335352016029352,tensor(0.0009),2.0691723790536756,2.0859756469726562,-2.1502628326416016,0.49190711975097656,-1.999999761581421,2.510599870220176e-07,-2.2853305339813232,3.105348587036133,0.49983465671539307,-0.19681070744991302,1.19771146774292,0.49722108244895935,1.1010079383850098,150.94850301742554
13600,2.390143871307373,2.414558519229099,tensor(0.0009),2.6671610683455977,2.0890579223632812,-2.153085708618164,0.4919845461845398,-2.0,2.716752760534291e-07,-2.091336250305176,2.9349658489227295,0.49748724699020386,-0.21416044235229492,1.1906321048736572,0.49844539165496826,1.1032079458236694,153.20751428604126
13800,2.412768602371216,2.4045817049486913,tensor(0.0009),2.1212841653616463,2.076782703399658,-2.1427793502807617,0.5098084211349487,-1.9999998807907104,2.6235375116812065e-07,-1.9262443780899048,3.084522247314453,0.49986669421195984,-0.1974898725748062,1.1871429681777954,0.4970175325870514,1.1030367612838745,155.4120750427246
14000,2.391261339187622,2.3824134319259596,tensor(0.0009),2.0686699471847496,2.0638670921325684,-2.1417834758758545,0.4981694519519806,-2.0,2.2273941624462168e-07,-2.0311217308044434,3.085247755050659,0.5041759610176086,-0.1906585544347763,1.2319375276565552,0.4988970458507538,1.104421615600586,157.61142253875732
14200,2.3893074989318848,2.380451811397649,tensor(0.0009),2.0864545881542487,2.1176962852478027,-2.1312081813812256,0.5086473226547241,-1.9999998807907104,2.2395343535208667e-07,-1.8489538431167603,2.9185783863067627,0.5033702850341797,-0.19294612109661102,1.2087123394012451,0.5030717849731445,1.1063225269317627,159.83082723617554
14400,2.3914542198181152,2.38165288344017,tensor(0.0009),2.266905594438372,2.1120362281799316,-2.10317325592041,0.47222939133644104,-2.0,1.5590332225201564e-07,-1.8370198011398315,3.1539382934570312,0.4908657968044281,-0.2026069164276123,1.1739742755889893,0.4949727952480316,1.1070516109466553,162.08451437950134
14600,2.369736433029175,2.361224723466275,tensor(0.0009),2.4594835800533494,2.1144251823425293,-2.081225872039795,0.5165415406227112,-2.0,1.6364879229513463e-07,-1.9273808002471924,2.941908359527588,0.4999593198299408,-0.1855401247739792,1.1952712535858154,0.5012491345405579,1.1085517406463623,164.36919593811035
14800,2.3742587566375732,2.352602603498986,tensor(0.0009),2.2925843009296907,2.107323169708252,-2.1037349700927734,0.49363917112350464,-2.0,1.6386107404287031e-07,-1.8304014205932617,2.8783698081970215,0.5079345107078552,-0.19659189879894257,1.2045042514801025,0.5040596723556519,1.1113967895507812,166.60377025604248
15000,2.3635191917419434,2.3422671662502133,tensor(0.0009),2.1713915770292913,2.1174745559692383,-2.089646339416504,0.4968956410884857,-2.0,1.3241653107343154e-07,-2.044539451599121,2.7364113330841064,0.5087962746620178,-0.18138138949871063,1.20229971408844,0.503138542175293,1.114387035369873,168.8153109550476
15200,2.301943302154541,2.3220638354935645,tensor(0.0009),2.074851965982526,2.1021289825439453,-2.073281764984131,0.4918753504753113,-2.0,1.2457094555884396e-07,-1.8136677742004395,2.910266399383545,0.5005795359611511,-0.2189054787158966,1.1874492168426514,0.4949455261230469,1.1136094331741333,171.02630639076233
15400,2.323040008544922,2.311539543329439,tensor(0.0008),2.1254663797485684,2.115738868713379,-2.06703782081604,0.504707932472229,-2.0,1.0878009248926901e-07,-1.8345195055007935,3.2177894115448,0.5012851357460022,-0.23206165432929993,1.17762291431427,0.4993430972099304,1.11531400680542,173.31001162528992
15600,2.297145366668701,2.3120289883039136,tensor(0.0008),1.9769690023647064,2.0929412841796875,-2.114882230758667,0.5057534575462341,-2.0,1.0340649225781817e-07,-2.0834107398986816,2.8499603271484375,0.5005688071250916,-0.19137336313724518,1.205871820449829,0.5005069971084595,1.117377758026123,175.56069660186768
15800,2.3420212268829346,2.30115451120885,tensor(0.0008),2.2497012843703805,2.1006407737731934,-2.0976345539093018,0.5211880207061768,-2.0,8.729209355351486e-08,-1.8461480140686035,2.7884702682495117,0.5005583167076111,-0.21182838082313538,1.1816067695617676,0.49929672479629517,1.1201624870300293,177.7938356399536
16000,2.2682063579559326,2.2810816725338636,tensor(0.0008),2.419660635484829,2.1566519737243652,-2.0474965572357178,0.4971522390842438,-2.0,8.032368725707784e-08,-2.04585337638855,2.8268213272094727,0.5035988688468933,-0.19130246341228485,1.1824944019317627,0.4990559220314026,1.122198462486267,180.01109886169434
16200,2.282954216003418,2.2697118286628473,tensor(0.0008),2.2060858894840023,2.1355223655700684,-2.0505080223083496,0.5091002583503723,-2.0,7.094779874705637e-08,-1.8773945569992065,3.088054656982422,0.5025144219398499,-0.2113812267780304,1.206551194190979,0.49956339597702026,1.12406587600708,182.23155903816223
16400,2.300153970718384,2.2718740152909627,tensor(0.0008),2.4384839435994774,2.155393362045288,-2.1041955947875977,0.5248382091522217,-2.0,6.628697235555592e-08,-2.0997579097747803,3.000912666320801,0.5053502321243286,-0.2219332903623581,1.1745392084121704,0.5027878284454346,1.1241497993469238,184.48265051841736
16600,2.2456037998199463,2.2627800489431897,tensor(0.0008),2.464269435472394,2.1488962173461914,-2.099734306335449,0.49414047598838806,-2.0,5.207172293353324e-08,-1.9179918766021729,2.9732933044433594,0.5011648535728455,-0.206154927611351,1.2034785747528076,0.5000815987586975,1.126852035522461,186.72441363334656
16800,2.2624659538269043,2.2499522957186,tensor(0.0008),2.086277878326566,2.1216118335723877,-2.1195101737976074,0.5000024437904358,-2.0,4.5973379769748135e-08,-1.8808554410934448,2.9484853744506836,0.5039151906967163,-0.2002309113740921,1.187246561050415,0.500758171081543,1.1294742822647095,188.9328429698944
17000,2.216857433319092,2.235318101150161,tensor(0.0008),2.2813779390770743,2.142937421798706,-2.0657882690429688,0.5092398524284363,-2.0,4.300416023284015e-08,-1.8697710037231445,2.917294979095459,0.5057472586631775,-0.2374674379825592,1.1983176469802856,0.4995436668395996,1.1298521757125854,191.17092323303223
17200,2.2158706188201904,2.233058700737717,tensor(0.0008),2.256439224157605,2.1609411239624023,-2.0573158264160156,0.49764639139175415,-2.0,4.1857177279780444e-08,-1.7201958894729614,2.892427921295166,0.5029729604721069,-0.22265754640102386,1.215295672416687,0.4968254864215851,1.1317906379699707,193.3926215171814
17400,2.2822322845458984,2.236500138433131,tensor(0.0008),2.4177501918750526,2.141003131866455,-2.132108211517334,0.5031726956367493,-2.0,3.7475320624480446e-08,-2.053154706954956,2.871091842651367,0.49696439504623413,-0.1962750405073166,1.1712738275527954,0.4976489543914795,1.132692575454712,195.72313928604126
17600,2.2287063598632812,2.2251952968047854,tensor(0.0008),2.5556423513280033,2.1517457962036133,-2.075693130493164,0.5148491263389587,-2.0,3.8931212031911855e-08,-1.8621511459350586,2.9450597763061523,0.5013349652290344,-0.2402455359697342,1.2366679906845093,0.4976405203342438,1.1344794034957886,198.1449899673462
17800,2.2367589473724365,2.227039854227766,tensor(0.0008),2.7203518246313196,2.1759233474731445,-2.0887889862060547,0.5015957951545715,-2.0,3.7844543498977146e-08,-1.9044995307922363,2.8076164722442627,0.5102413296699524,-0.1819765716791153,1.1755013465881348,0.5096983313560486,1.1352896690368652,200.52330923080444
18000,2.2434003353118896,2.215540627631757,tensor(0.0008),2.478241765950424,2.1365089416503906,-2.0615668296813965,0.5136987566947937,-2.0,3.1641050668440585e-08,-2.0356624126434326,3.248703956604004,0.5055477023124695,-0.18897007405757904,1.1854387521743774,0.5024638175964355,1.137524962425232,202.8472638130188
18200,2.2009501457214355,2.211168595388963,tensor(0.0008),2.6108701954384577,2.1733670234680176,-2.0578207969665527,0.4817090928554535,-2.0,3.1860022176033453e-08,-1.6457762718200684,3.1084156036376953,0.5014171600341797,-0.18997488915920258,1.1935834884643555,0.4989461302757263,1.139548420906067,205.20866537094116
18400,2.18802809715271,2.1938430651347804,tensor(0.0008),2.0406132736893547,2.1638970375061035,-2.0356698036193848,0.5109162330627441,-2.0,3.1641050668440585e-08,-1.8947856426239014,3.038491725921631,0.49675115942955017,-0.19242209196090698,1.2009245157241821,0.4957900941371918,1.1394237279891968,207.6119465827942
18600,2.217538356781006,2.1865213388396754,tensor(0.0008),2.4358641338267875,2.1603317260742188,-2.0636367797851562,0.5347980856895447,-2.0,2.9361652664761095e-08,-1.7342268228530884,2.864095687866211,0.5109661817550659,-0.17984691262245178,1.1730740070343018,0.5061289072036743,1.1405296325683594,209.98716259002686
18800,2.1741483211517334,2.183513906610436,tensor(0.0008),2.190499834411193,2.1544601917266846,-2.015028476715088,0.5254546999931335,-2.0,2.2682216993530346e-08,-1.788625717163086,2.9119415283203125,0.49615636467933655,-0.20268189907073975,1.1929543018341064,0.49448347091674805,1.1417245864868164,212.35779237747192
19000,2.1652917861938477,2.17777818925472,tensor(0.0008),2.1983573390037554,2.178720474243164,-2.0339019298553467,0.5371038317680359,-2.0,2.3876825849811212e-08,-1.8185409307479858,2.7654924392700195,0.5031763911247253,-0.1938852220773697,1.1953328847885132,0.4996662437915802,1.1434592008590698,214.6462800502777
19200,2.206232786178589,2.181402525674455,tensor(0.0008),1.9741229428712048,2.1524291038513184,-2.058636426925659,0.5012178421020508,-2.0,2.3287183736897532e-08,-2.0524072647094727,2.983576774597168,0.5012466311454773,-0.2082325518131256,1.1969914436340332,0.4967513680458069,1.1435492038726807,216.9872419834137
19400,2.1824071407318115,2.1744387399746596,tensor(0.0007),2.6179372550778175,2.1575698852539062,-2.046276569366455,0.5207111239433289,-2.0,2.206066795906736e-08,-1.9009236097335815,2.934328079223633,0.4914395809173584,-0.19468636810779572,1.1815623044967651,0.4917278587818146,1.142944574356079,219.38736128807068
19600,2.1614866256713867,2.159319088528125,tensor(0.0007),2.797755714846421,2.168145179748535,-2.0491325855255127,0.4936849772930145,-2.0,1.7883337477542227e-08,-1.8136398792266846,2.851013660430908,0.5002045035362244,-0.18681475520133972,1.2378826141357422,0.49978816509246826,1.1437342166900635,221.70782780647278
19800,2.1891016960144043,2.15788558863626,tensor(0.0007),2.4835998422128323,2.1460556983947754,-2.06782865524292,0.5073189735412598,-2.0,1.5374787665223266e-08,-1.9402958154678345,2.886331796646118,0.5004736185073853,-0.17743518948554993,1.1826670169830322,0.4973733425140381,1.1444810628890991,224.01800203323364
20000,2.169139862060547,2.158832895289389,tensor(0.0007),2.5722275278484568,2.1862268447875977,-2.0119900703430176,0.491504043340683,-2.0,1.5374787665223266e-08,-1.9868749380111694,3.0186033248901367,0.5022662878036499,-0.1665457934141159,1.1873502731323242,0.49671629071235657,1.1461873054504395,226.33731150627136
20200,2.1063735485076904,2.1465653109393417,tensor(0.0007),2.378522411923635,2.1936464309692383,-2.0024666786193848,0.5016275644302368,-2.0,1.1791922993609205e-08,-1.7917606830596924,3.226684093475342,0.5042449235916138,-0.19433873891830444,1.1727370023727417,0.5019872188568115,1.1466069221496582,228.6104485988617
20400,2.1340675354003906,2.146717583378754,tensor(0.0007),2.4732987837315994,2.1931886672973633,-2.06483793258667,0.5060793161392212,-2.0,1.2367473267715923e-08,-1.8960862159729004,2.8700942993164062,0.5056536793708801,-0.2042253315448761,1.1952898502349854,0.5048453211784363,1.1487337350845337,230.91038012504578
20600,2.1303513050079346,2.1348849958334233,tensor(0.0007),2.7330436777624434,2.184432029724121,-2.00850772857666,0.5276039838790894,-2.0,9.86583081896697e-09,-1.9430311918258667,3.1328182220458984,0.5075387954711914,-0.232439786195755,1.1904022693634033,0.5032358169555664,1.1489529609680176,233.22453451156616
20800,2.1362996101379395,2.1200750742808534,tensor(0.0007),2.3554202458382796,2.2061784267425537,-2.0215330123901367,0.4898618459701538,-2.0,8.33814883804962e-09,-1.92423415184021,3.308698892593384,0.49765753746032715,-0.19074776768684387,1.2053910493850708,0.4954812526702881,1.1502861976623535,235.53902626037598
21000,2.130323886871338,2.1216208738586078,tensor(0.0007),2.719234673549956,2.16226863861084,-2.019545555114746,0.5183684825897217,-2.0,9.86583081896697e-09,-2.121523380279541,2.8923234939575195,0.502243161201477,-0.2302764505147934,1.1882264614105225,0.4994737207889557,1.1494086980819702,237.8775372505188
21200,2.150444984436035,2.1187622680725573,tensor(0.0007),2.324674725301155,2.1793341636657715,-2.0231685638427734,0.4958859086036682,-2.0,3.728933606339524e-09,-1.8553016185760498,2.960681438446045,0.5100875496864319,-0.1813567578792572,1.2109344005584717,0.5028842687606812,1.1503911018371582,240.17116975784302
21400,2.1338114738464355,2.1130447078381636,tensor(0.0007),2.209954027617901,2.157853603363037,-2.0358922481536865,0.5089972019195557,-2.0,3.728933606339524e-09,-2.1346518993377686,2.8299241065979004,0.49837785959243774,-0.17816950380802155,1.190927505493164,0.4948313534259796,1.1491808891296387,242.53120303153992
21600,2.082667589187622,2.1007517002763865,tensor(0.0007),2.514107125575306,2.181816339492798,-2.0380539894104004,0.4977371096611023,-2.0,0.0,-1.775261402130127,3.071115493774414,0.5038475394248962,-0.20302240550518036,1.2117938995361328,0.5011144876480103,1.1503472328186035,244.83371424674988
21800,2.081975221633911,2.1060232628103357,tensor(0.0007),2.270797253189853,2.199575424194336,-2.005614757537842,0.5172165036201477,-2.0,0.0,-1.9667084217071533,2.817157030105591,0.5023590922355652,-0.1858043670654297,1.2134699821472168,0.5020707845687866,1.15030837059021,247.10314345359802
22000,2.1006243228912354,2.092374114970511,tensor(0.0007),2.497551727923953,2.174938678741455,-2.0356266498565674,0.525216281414032,-2.0,3.728933606339524e-09,-1.765113353729248,2.9561872482299805,0.5030819773674011,-0.19258999824523926,1.1819939613342285,0.501395046710968,1.1505632400512695,249.37859749794006
22200,2.0818588733673096,2.084949830690432,tensor(0.0007),2.6480980856906737,2.176452159881592,-2.0273165702819824,0.49015870690345764,-2.0,0.0,-1.9584318399429321,3.027981996536255,0.4977085292339325,-0.18303777277469635,1.182405710220337,0.4983879327774048,1.1520466804504395,251.68628811836243
22400,2.06866717338562,2.080529769976713,tensor(0.0007),2.530518575882732,2.1943202018737793,-2.008638381958008,0.5089560747146606,-2.0,0.0,-1.9448463916778564,3.139011859893799,0.4994890093803406,-0.1952761709690094,1.1799170970916748,0.4960295855998993,1.1520377397537231,254.04003620147705
22600,2.0746936798095703,2.069508062966516,tensor(0.0007),2.527837111739008,2.1902270317077637,-2.015746831893921,0.5258385539054871,-2.0,0.0,-1.8985966444015503,2.8114657402038574,0.5052633285522461,-0.1885652095079422,1.1762466430664062,0.5021833777427673,1.1522408723831177,256.3413655757904
22800,2.026156187057495,2.080019856477068,tensor(0.0007),2.1474705762301567,2.192826271057129,-2.0077266693115234,0.4908217489719391,-2.0,0.0,-2.0254781246185303,2.90059232711792,0.49750247597694397,-0.20298567414283752,1.1726313829421997,0.49763670563697815,1.1509089469909668,258.6062262058258
23000,2.1127781867980957,2.07721035428444,tensor(0.0006),2.843739101570681,2.1949222087860107,-2.014350414276123,0.5574311017990112,-2.0,0.0,-2.020334482192993,3.073329448699951,0.5085605382919312,-0.17997068166732788,1.2047446966171265,0.5044762492179871,1.1525017023086548,260.9128522872925
23200,2.069749355316162,2.080439830864507,tensor(0.0006),2.2246126930250423,2.217777729034424,-1.9985772371292114,0.48823031783103943,-2.0,0.0,-1.7618414163589478,2.8275275230407715,0.50169837474823,-0.18514898419380188,1.1950554847717285,0.5008978247642517,1.1541211605072021,263.20022988319397
23400,2.0440168380737305,2.0609380835073248,tensor(0.0006),2.7580116887860084,2.236865520477295,-2.0186994075775146,0.49973249435424805,-2.0,0.0,-2.059443473815918,2.9688711166381836,0.4991918206214905,-0.1890162080526352,1.1872140169143677,0.5022881627082825,1.1533408164978027,265.5601644515991
23600,2.059354305267334,2.0634351615287954,tensor(0.0006),2.8101558163302918,2.229050636291504,-1.9943933486938477,0.5216100215911865,-2.0,0.0,-1.7320144176483154,3.0941824913024902,0.5098926424980164,-0.18535850942134857,1.1987841129302979,0.5049418807029724,1.1544958353042603,267.86891531944275
23800,2.0623230934143066,2.059192857229132,tensor(0.0006),2.710938817720884,2.198115587234497,-2.033048391342163,0.5028581619262695,-2.0,0.0,-2.125643253326416,3.253199815750122,0.504141092300415,-0.2046167105436325,1.2185853719711304,0.5031070113182068,1.1541037559509277,270.1728584766388
24000,2.0255956649780273,2.035362743974653,tensor(0.0006),2.875621815742838,2.2088510990142822,-1.9669665098190308,0.5048268437385559,-2.0,0.0,-2.020435094833374,2.955420970916748,0.5043378472328186,-0.18805505335330963,1.215788722038269,0.5043236613273621,1.154660940170288,272.4960629940033
24200,2.0571274757385254,2.0489143568021464,tensor(0.0006),2.84763536253731,2.231060028076172,-2.0374679565429688,0.535086989402771,-2.0,0.0,-1.8507399559020996,3.1707520484924316,0.5094671249389648,-0.18814803659915924,1.1902841329574585,0.5070440769195557,1.1560442447662354,274.7541913986206
24400,2.040700912475586,2.0393250444967985,tensor(0.0006),2.5941731521123095,2.2046573162078857,-2.0399985313415527,0.5240118503570557,-2.0,0.0,-1.7170330286026,2.9723219871520996,0.5019927620887756,-0.1888202279806137,1.1962140798568726,0.49795183539390564,1.1553603410720825,277.0851261615753
24600,2.006787061691284,2.0382451852985186,tensor(0.0006),2.5131786066782285,2.1979269981384277,-1.9960962533950806,0.49355992674827576,-2.0,0.0,-1.9220852851867676,2.738572359085083,0.5009673833847046,-0.1699369102716446,1.2223089933395386,0.5000751614570618,1.1553916931152344,279.3840615749359
24800,1.9988784790039062,2.0361420808342596,tensor(0.0006),2.443038055674897,2.2416152954101562,-1.9837998151779175,0.505331814289093,-2.0,0.0,-1.9832069873809814,3.1085305213928223,0.5027957558631897,-0.1963243931531906,1.1793934106826782,0.5001192092895508,1.156701683998108,281.64847230911255
25000,2.0032622814178467,2.020801130603199,tensor(0.0006),2.6288020658141567,2.220109462738037,-1.9603352546691895,0.5043482184410095,-2.0,0.0,-1.9662585258483887,2.8898539543151855,0.5014925003051758,-0.19867751002311707,1.2027862071990967,0.49861273169517517,1.157484531402588,283.9282479286194
25200,2.0672073364257812,2.0296810965477214,tensor(0.0006),2.3216001450424333,2.1981489658355713,-2.0142147541046143,0.49844053387641907,-2.0,0.0,-2.25268292427063,3.1896045207977295,0.4934375286102295,-0.18885211646556854,1.2009422779083252,0.4961775839328766,1.1549832820892334,286.26067209243774
25400,2.0083131790161133,2.016168083078987,tensor(0.0006),2.444787369750131,2.217296600341797,-2.010927677154541,0.5456804037094116,-2.0,0.0,-1.8859425783157349,3.106179714202881,0.4990770220756531,-0.22517506778240204,1.1911476850509644,0.4976375102996826,1.1566381454467773,288.5897305011749
25600,2.037653684616089,2.0215892362514887,tensor(0.0006),2.6280467914229604,2.2078967094421387,-1.9915369749069214,0.517418384552002,-2.0,0.0,-1.6676504611968994,3.0970346927642822,0.5013010501861572,-0.1684519350528717,1.1747359037399292,0.4995195269584656,1.1563737392425537,290.9131591320038
25800,1.9525244235992432,2.00833360372628,tensor(0.0006),2.2553027569762527,2.2131409645080566,-1.994700312614441,0.5183306336402893,-2.0,0.0,-2.5035958290100098,2.9947471618652344,0.5014756321907043,-0.19234691560268402,1.1908800601959229,0.5022491216659546,1.1577876806259155,293.2099521160126
26000,2.02524733543396,2.008158989586122,tensor(0.0006),2.2479610841526796,2.2028284072875977,-1.9915578365325928,0.5326159596443176,-2.0,0.0,-2.150184392929077,2.792447328567505,0.4980296194553375,-0.2143622636795044,1.2119207382202148,0.49337953329086304,1.156508207321167,295.533620595932
26200,1.938352346420288,1.9953026898625859,tensor(0.0006),2.1073496312302114,2.230468988418579,-1.9992562532424927,0.527031660079956,-2.0,0.0,-2.044400930404663,2.867443323135376,0.5005020499229431,-0.20627279579639435,1.1857621669769287,0.5008707642555237,1.157583236694336,297.8367054462433
26400,1.9746770858764648,1.9997754820086842,tensor(0.0005),2.4382805648723367,2.2126851081848145,-1.992933750152588,0.5156596302986145,-2.0,0.0,-2.0881543159484863,3.8004837036132812,0.5014657974243164,-0.17244626581668854,1.212694764137268,0.49903449416160583,1.1580642461776733,300.1614270210266
26600,1.9817060232162476,1.9919013060689577,tensor(0.0005),2.4359210752878577,2.230285167694092,-1.9663608074188232,0.5432114005088806,-2.0,0.0,-1.8725969791412354,3.0742733478546143,0.4975360631942749,-0.2100820392370224,1.1988153457641602,0.4991409182548523,1.1588220596313477,302.4526798725128
26800,1.9777392148971558,1.9908532574878857,tensor(0.0005),2.8888952050067633,2.225651741027832,-2.0123291015625,0.5120425224304199,-2.0,0.0,-1.8154964447021484,2.78446626663208,0.5105717182159424,-0.17446552217006683,1.1957740783691406,0.5044640898704529,1.1596958637237549,304.7669687271118
27000,1.973994255065918,1.992721502297176,tensor(0.0005),2.6728285306377186,2.227940559387207,-1.9817256927490234,0.5385546088218689,-2.0,0.0,-1.7985175848007202,2.9066858291625977,0.5024747252464294,-0.19183582067489624,1.1967307329177856,0.5000379681587219,1.1582775115966797,307.07752442359924
27200,1.950582504272461,1.9828488677002603,tensor(0.0005),2.465605623850053,2.2065539360046387,-1.9907312393188477,0.4966486394405365,-2.0,0.0,-1.7450377941131592,2.996560573577881,0.5067798495292664,-0.19485829770565033,1.2148672342300415,0.5035808682441711,1.1613408327102661,309.4305386543274
27400,1.9956752061843872,1.986571578370906,tensor(0.0005),2.534699718593756,2.187033176422119,-2.0253641605377197,0.4991217851638794,-2.0,0.0,-1.893352746963501,2.8002965450286865,0.5020254850387573,-0.18012665212154388,1.17845618724823,0.4989801049232483,1.1588222980499268,311.8251624107361
27600,1.9417282342910767,1.9783226388335078,tensor(0.0005),2.427992820394539,2.2253265380859375,-1.9851040840148926,0.5288582444190979,-2.0,0.0,-1.7514411211013794,2.8533263206481934,0.49804961681365967,-0.18875233829021454,1.206106424331665,0.49805912375450134,1.1612749099731445,314.14471101760864
27800,1.9793339967727661,1.971688153244242,tensor(0.0005),2.77532154832253,2.1992740631103516,-1.9799647331237793,0.5112972855567932,-2.0,0.0,-1.8216984272003174,3.1875741481781006,0.5048123598098755,-0.1823386549949646,1.2302510738372803,0.4996057152748108,1.1603319644927979,316.4611175060272
28000,1.9747726917266846,1.9762598517013767,tensor(0.0005),2.589401226287668,2.2210865020751953,-2.0082974433898926,0.5203613042831421,-2.0,0.0,-1.9728769063949585,2.9193904399871826,0.5003423094749451,-0.18040238320827484,1.1784049272537231,0.4972788095474243,1.1615841388702393,318.74396562576294
28200,2.015491247177124,1.9648346279418707,tensor(0.0005),2.781195357373867,2.221677780151367,-1.9448202848434448,0.4943266212940216,-2.0,0.0,-1.873797059059143,3.025714874267578,0.5046519637107849,-0.18449744582176208,1.1830164194107056,0.501939594745636,1.1633803844451904,321.0437579154968
28400,1.9839043617248535,1.977774849858084,tensor(0.0005),2.535373271809358,2.225059986114502,-2.003281831741333,0.5160331130027771,-2.0,0.0,-1.9570964574813843,3.1950550079345703,0.5017896294593811,-0.19728407263755798,1.1727081537246704,0.5029304623603821,1.1632083654403687,323.4114782810211
28600,1.9792612791061401,1.9524591653106511,tensor(0.0005),2.6833708193329096,2.2341535091400146,-1.994401454925537,0.5001240372657776,-2.0,0.0,-2.2023913860321045,2.8465023040771484,0.5026686787605286,-0.21475747227668762,1.1745296716690063,0.5041530728340149,1.1631617546081543,325.69866251945496
28800,1.9789044857025146,1.9556166721469483,tensor(0.0005),2.528409370512546,2.231727123260498,-2.025404930114746,0.5057241320610046,-2.0,0.0,-1.8479198217391968,3.145329475402832,0.5044050812721252,-0.19037006795406342,1.1772209405899048,0.49992114305496216,1.1645379066467285,327.96404814720154
29000,1.9782211780548096,1.95841140831892,tensor(0.0005),2.68056051939623,2.201174736022949,-2.0128884315490723,0.49963653087615967,-2.0,0.0,-2.1565053462982178,2.886289119720459,0.49665698409080505,-0.21370689570903778,1.1843105554580688,0.496423602104187,1.1624081134796143,330.25169110298157
29200,1.9442729949951172,1.9612178426730436,tensor(0.0005),2.5141427848121882,2.2422776222229004,-1.965930700302124,0.5434938073158264,-2.0,0.0,-2.333655595779419,3.0723578929901123,0.5030417442321777,-0.1844177097082138,1.2019320726394653,0.5031152367591858,1.1635878086090088,332.563853263855
29400,1.9344406127929688,1.944247660378045,tensor(0.0005),2.2625680709811022,2.2279326915740967,-1.9606623649597168,0.5482196807861328,-2.0,0.0,-1.8175615072250366,3.013303756713867,0.4985974431037903,-0.20277725160121918,1.1777254343032837,0.4958949089050293,1.1647312641143799,334.8975908756256
29600,1.9542524814605713,1.9503752657629099,tensor(0.0005),2.631427691604535,2.2087645530700684,-2.0108203887939453,0.5236952304840088,-2.0,0.0,-1.7443971633911133,3.065927505493164,0.5036781430244446,-0.17899486422538757,1.196598768234253,0.4993738830089569,1.1634986400604248,337.1928687095642
29800,1.914201021194458,1.9373660584491175,tensor(0.0004),2.365229486793356,2.2335567474365234,-2.018106698989868,0.5283796191215515,-2.0,0.0,-1.9162665605545044,2.8975672721862793,0.4922967553138733,-0.18365874886512756,1.1899735927581787,0.4959835410118103,1.1640267372131348,339.51073360443115
30000,1.9532262086868286,1.940933971674349,tensor(0.0004),2.5906854830020016,2.2376585006713867,-1.9964699745178223,0.5144289135932922,-2.0,0.0,-1.9667556285858154,2.976418972015381,0.4952097535133362,-0.19348035752773285,1.2198104858398438,0.4964045584201813,1.164333701133728,341.8008897304535
30200,1.9378530979156494,1.9367829907954304,tensor(0.0004),2.3281644009499938,2.190115451812744,-1.9844813346862793,0.5005578994750977,-2.0,0.0,-1.898442029953003,3.111039161682129,0.5005667209625244,-0.1970265954732895,1.1807866096496582,0.4970470666885376,1.163267970085144,344.0818257331848
30400,1.8951148986816406,1.9341759128945892,tensor(0.0004),2.765275035576573,2.2635507583618164,-1.9878458976745605,0.4921984076499939,-2.0,0.0,-1.862798810005188,2.959613800048828,0.5004240870475769,-0.17320634424686432,1.2249151468276978,0.4985773265361786,1.1657553911209106,346.4371283054352
30600,1.959520697593689,1.9427608014104094,tensor(0.0004),2.90194312115555,2.232839822769165,-2.009078025817871,0.47709667682647705,-2.0,0.0,-1.8577653169631958,3.2812747955322266,0.502993106842041,-0.1795388162136078,1.2089831829071045,0.5009655356407166,1.1649785041809082,348.77184891700745
30800,1.920474648475647,1.9350950873622623,tensor(0.0004),2.627402556880312,2.235092878341675,-1.9835340976715088,0.5108806490898132,-2.0,0.0,-1.731260895729065,2.968100070953369,0.5016577243804932,-0.20822201669216156,1.1787116527557373,0.49891144037246704,1.1649880409240723,351.0330641269684
31000,1.980468988418579,1.932697686517612,tensor(0.0004),2.6223288038814947,2.20945405960083,-2.0357155799865723,0.5242149829864502,-2.0,0.0,-1.9767721891403198,2.8649373054504395,0.5027880072593689,-0.1860021948814392,1.2123860120773315,0.5018377304077148,1.163527488708496,353.30446004867554
31200,1.9426177740097046,1.930877923159847,tensor(0.0004),2.818661332891955,2.2565994262695312,-1.968599796295166,0.5281262397766113,-2.0,0.0,-2.2520077228546143,2.8942742347717285,0.4969492554664612,-0.1701033115386963,1.1898268461227417,0.4957895278930664,1.1650092601776123,355.6046681404114
31400,1.9271045923233032,1.9228861462382096,tensor(0.0004),2.8596038647346704,2.2563955783843994,-2.0152766704559326,0.49295467138290405,-2.0,0.0,-1.829577922821045,2.7688515186309814,0.4987323582172394,-0.20949995517730713,1.1990448236465454,0.5011495351791382,1.1652156114578247,357.95208859443665
31600,1.9369653463363647,1.92280018721067,tensor(0.0004),2.630482787391825,2.200929641723633,-2.044433116912842,0.5102149844169617,-2.0,0.0,-1.8399471044540405,3.0911006927490234,0.49900221824645996,-0.1821926236152649,1.1908001899719238,0.4988223910331726,1.1627708673477173,360.21909046173096
31800,1.9251452684402466,1.9259908528518266,tensor(0.0004),2.3794768589051847,2.2180514335632324,-1.9520726203918457,0.5439397096633911,-2.0,0.0,-2.1226725578308105,3.149677038192749,0.5033930540084839,-0.20539286732673645,1.1754544973373413,0.5018194317817688,1.1636962890625,362.4654450416565
32000,1.933585286140442,1.9178812597349415,tensor(0.0004),2.780046527004828,2.2592029571533203,-1.938392162322998,0.5056703090667725,-2.0,0.0,-2.0256950855255127,2.796323299407959,0.5089243054389954,-0.21075928211212158,1.1931581497192383,0.5053817629814148,1.1660935878753662,364.69456720352173
32200,1.9083160161972046,1.9125745043626374,tensor(0.0004),2.5385982435129857,2.2128500938415527,-1.9778034687042236,0.5216115713119507,-2.0,0.0,-1.852219581604004,2.956608295440674,0.5019763112068176,-0.17727693915367126,1.1812527179718018,0.49760863184928894,1.1649065017700195,366.9686586856842
32400,1.8987754583358765,1.9069109676985483,tensor(0.0004),2.845215091497998,2.237975597381592,-2.0309865474700928,0.5465416312217712,-2.0,0.0,-2.0099010467529297,3.0863609313964844,0.5059171319007874,-0.23609410226345062,1.1890875101089478,0.505706787109375,1.165354609489441,369.2239968776703
32600,1.9117622375488281,1.9229917258467715,tensor(0.0004),2.4894387123394734,2.2625951766967773,-1.9676741361618042,0.5221694707870483,-2.0,0.0,-2.135835886001587,2.934109687805176,0.4956037700176239,-0.18898823857307434,1.2417422533035278,0.49514880776405334,1.1670587062835693,371.45326828956604
32800,1.9025905132293701,1.9043062807017472,tensor(0.0004),2.7077963849051434,2.250997543334961,-2.018951892852783,0.5174321532249451,-2.0,0.0,-2.074187994003296,2.9815521240234375,0.5039827823638916,-0.2111133635044098,1.1799261569976807,0.5031501054763794,1.1655954122543335,373.6844391822815
33000,1.9074002504348755,1.9056603562258618,tensor(0.0004),2.484999459938185,2.220447540283203,-1.9960211515426636,0.5303698182106018,-2.0,0.0,-1.8273147344589233,2.989497184753418,0.5005678534507751,-0.17420898377895355,1.2026915550231934,0.49746063351631165,1.1649318933486938,375.9383201599121
33200,1.9388082027435303,1.899933520835309,tensor(0.0004),2.6350763901275385,2.2552027702331543,-2.007622003555298,0.5357930064201355,-2.0,0.0,-1.9580419063568115,2.8941946029663086,0.4964108467102051,-0.18947647511959076,1.1865382194519043,0.4977172613143921,1.1660120487213135,378.1812539100647
33400,1.9092817306518555,1.9010530329176258,tensor(0.0003),2.407116803629864,2.2484447956085205,-2.025444984436035,0.4813355505466461,-2.0,0.0,-1.9180504083633423,2.848217010498047,0.5005887746810913,-0.22480396926403046,1.2007038593292236,0.5031504034996033,1.1666077375411987,380.45997977256775
33600,1.9079948663711548,1.9040158790347834,tensor(0.0003),2.53997934893977,2.2415740489959717,-2.0183401107788086,0.531557023525238,-2.0,0.0,-1.9712905883789062,3.0307722091674805,0.4970290958881378,-0.21209123730659485,1.1786826848983765,0.4951671361923218,1.165051817893982,382.71884322166443
33800,1.9240607023239136,1.9096254371267698,tensor(0.0003),2.591846700696803,2.23968768119812,-1.9900811910629272,0.49151530861854553,-2.0,0.0,-2.0580062866210938,2.706291913986206,0.49736228585243225,-0.19700460135936737,1.1888622045516968,0.4987502694129944,1.1668126583099365,384.95329785346985
34000,1.9132673740386963,1.8972637174197633,tensor(0.0003),2.5074431738357745,2.246697425842285,-2.018463134765625,0.47206392884254456,-2.0,0.0,-1.9218488931655884,2.785271644592285,0.5025829672813416,-0.20650143921375275,1.1816754341125488,0.4994753301143646,1.1660807132720947,387.2038450241089
34200,1.9042224884033203,1.90063940324862,tensor(0.0003),2.9289832747010105,2.240034580230713,-1.97792387008667,0.5159392356872559,-2.0,0.0,-2.1816632747650146,2.951043128967285,0.5010068416595459,-0.18668536841869354,1.191557765007019,0.5005486011505127,1.1666464805603027,389.4962863922119
34400,1.8882875442504883,1.8895725784369624,tensor(0.0003),2.9133376591391156,2.2201104164123535,-1.9955898523330688,0.5178316831588745,-2.0,0.0,-2.0632100105285645,2.9225845336914062,0.5025674104690552,-0.21127979457378387,1.2150388956069946,0.49941912293434143,1.1642227172851562,391.8526077270508
34600,1.8375698328018188,1.8885778536889684,tensor(0.0003),2.5711898234619186,2.2392284870147705,-1.986762523651123,0.5195457935333252,-2.0,0.0,-2.0379951000213623,2.8458871841430664,0.502555787563324,-0.18053878843784332,1.1917980909347534,0.5011874437332153,1.1668498516082764,394.19348335266113
34800,1.8940082788467407,1.8921842473237456,tensor(0.0003),2.55213110460396,2.2421345710754395,-1.9727845191955566,0.5351009964942932,-2.0,0.0,-2.118985891342163,2.7869043350219727,0.5006652474403381,-0.20739105343818665,1.2341625690460205,0.49904119968414307,1.1664795875549316,396.4815230369568
35000,1.8505343198776245,1.8850127530304719,tensor(0.0003),2.5040999712733867,2.233937978744507,-1.9682815074920654,0.5169968605041504,-2.0,0.0,-1.9886748790740967,3.1209588050842285,0.5064656138420105,-0.2212221622467041,1.186460256576538,0.5028464794158936,1.166881799697876,398.7505314350128
35200,1.867169976234436,1.883153804579461,tensor(0.0003),2.7832503108948288,2.230525493621826,-2.038557767868042,0.5198380351066589,-2.0,0.0,-1.785500168800354,2.984030246734619,0.5026399493217468,-0.19277246296405792,1.2056387662887573,0.5032748579978943,1.167112946510315,401.0580735206604
35400,1.8617967367172241,1.8851081436001325,tensor(0.0003),2.433257555085506,2.2433667182922363,-1.9679545164108276,0.5139254331588745,-2.0,0.0,-1.874029278755188,2.8874094486236572,0.5019885897636414,-0.20326796174049377,1.1920491456985474,0.497473806142807,1.166101098060608,403.4238109588623
35600,1.8726258277893066,1.8866489752347495,tensor(0.0003),2.919107067498772,2.2187323570251465,-2.0033721923828125,0.5012751221656799,-2.0,0.0,-1.7866883277893066,3.0479092597961426,0.5071428418159485,-0.2371656894683838,1.1766277551651,0.5026355385780334,1.1653928756713867,405.7430303096771
35800,1.8800095319747925,1.876283797246882,tensor(0.0003),2.7495623667385973,2.230846881866455,-2.016857385635376,0.5149806141853333,-2.0,0.0,-1.9019407033920288,3.0227408409118652,0.5003385543823242,-0.218528613448143,1.2019301652908325,0.500039279460907,1.167312741279602,408.05844593048096
36000,1.8945910930633545,1.8697595763306976,tensor(0.0003),2.5328415849109707,2.219464063644409,-2.051224946975708,0.5031841397285461,-2.0,0.0,-1.9301543235778809,3.0348668098449707,0.49792203307151794,-0.20722971856594086,1.175025224685669,0.497290700674057,1.1669001579284668,410.41501569747925
36200,1.866820216178894,1.864851514204286,tensor(0.0003),2.6737809509585895,2.250187397003174,-1.9874131679534912,0.5325906276702881,-2.0,0.0,-1.9016156196594238,2.955500602722168,0.49691349267959595,-0.20486381649971008,1.1936336755752563,0.4963504672050476,1.166627049446106,412.73606038093567
36400,1.8832989931106567,1.876042172578432,tensor(0.0003),2.5578099325533623,2.2715249061584473,-2.001347064971924,0.511897623538971,-2.0,0.0,-2.286494016647339,3.1051931381225586,0.507756769657135,-0.20122912526130676,1.1807101964950562,0.5067465305328369,1.1671137809753418,415.09710001945496
36600,1.86809241771698,1.8687031267113354,tensor(0.0003),2.327705142232625,2.2510459423065186,-2.015195608139038,0.5030308365821838,-2.0,0.0,-2.319683313369751,3.1570441722869873,0.5006098747253418,-0.19618357717990875,1.1877005100250244,0.49751272797584534,1.1683340072631836,417.4140558242798
36800,1.8649603128433228,1.8673199950256552,tensor(0.0003),2.5400759564169992,2.2377991676330566,-1.9931721687316895,0.521007776260376,-2.0,0.0,-1.7572576999664307,2.823145627975464,0.5015747547149658,-0.232350155711174,1.1943405866622925,0.49763092398643494,1.1677229404449463,419.7237286567688
37000,1.8666267395019531,1.8685456962965066,tensor(0.0003),2.6651302752556267,2.2454380989074707,-1.9739086627960205,0.5015285015106201,-2.0,0.0,-1.9202823638916016,2.8884942531585693,0.5083213448524475,-0.18345610797405243,1.2212573289871216,0.5072792172431946,1.1675204038619995,422.0145151615143
37200,1.8512380123138428,1.8629042525677941,tensor(0.0003),2.6294304202869934,2.253960371017456,-1.9834096431732178,0.506084144115448,-2.0,0.0,-1.8289920091629028,2.883364200592041,0.5043243765830994,-0.1956174522638321,1.1865551471710205,0.5018255710601807,1.1678330898284912,424.301632642746
37400,1.8236078023910522,1.8644397296893715,tensor(0.0002),2.2633106479525793,2.246947765350342,-2.013683557510376,0.5016463398933411,-2.0,0.0,-1.8487895727157593,2.9120826721191406,0.5003995299339294,-0.20314732193946838,1.2138597965240479,0.4974746108055115,1.1669299602508545,426.64507389068604
37600,1.8837106227874756,1.856686550878457,tensor(0.0002),2.6386319467175,2.235896587371826,-1.9698081016540527,0.49253952503204346,-2.0,0.0,-1.9776535034179688,2.7963223457336426,0.49831435084342957,-0.19812242686748505,1.1949174404144287,0.49564406275749207,1.1682437658309937,428.9549732208252
37800,1.8584340810775757,1.8667321363433123,tensor(0.0002),2.772943461059826,2.2200891971588135,-2.0195472240448,0.4890748858451843,-2.0,0.0,-1.8653512001037598,2.9863624572753906,0.4967269003391266,-0.18891529738903046,1.1920806169509888,0.49817901849746704,1.166067123413086,431.25031185150146
38000,1.8497955799102783,1.8601831715381394,tensor(0.0002),2.6562193350558263,2.2489874362945557,-2.0173869132995605,0.48646852374076843,-2.0,0.0,-1.8844163417816162,3.091850757598877,0.5053471922874451,-0.19847813248634338,1.1967270374298096,0.5003089904785156,1.167675495147705,433.5159032344818
38200,1.898807168006897,1.8609999302771605,tensor(0.0002),2.578839180791253,2.2304329872131348,-2.0534567832946777,0.5113143920898438,-2.0,0.0,-1.8149808645248413,2.8234434127807617,0.5076654553413391,-0.20350472629070282,1.1867631673812866,0.5055094957351685,1.1680576801300049,435.81950759887695
38400,1.8693785667419434,1.8563282013334783,tensor(0.0002),2.4471459909725675,2.2582969665527344,-1.9574904441833496,0.5316318273544312,-2.0,0.0,-1.8871923685073853,3.3823463916778564,0.5056076645851135,-0.20878866314888,1.2154358625411987,0.5006822943687439,1.1693520545959473,438.1640434265137
38600,1.8561477661132812,1.8525618574814198,tensor(0.0002),2.868988392698908,2.241924285888672,-1.9623768329620361,0.5130090713500977,-2.0,0.0,-1.8354278802871704,2.8417696952819824,0.5005522966384888,-0.1817292869091034,1.205248475074768,0.499600350856781,1.1691161394119263,440.4395852088928
38800,1.8282725811004639,1.8472967674614287,tensor(0.0002),2.8681094456057292,2.239508867263794,-1.986889362335205,0.5300622582435608,-2.0,0.0,-1.8741363286972046,2.8202426433563232,0.4965039789676666,-0.2105094939470291,1.1885350942611694,0.496017187833786,1.1681106090545654,442.723192691803
39000,1.8998664617538452,1.8619063528450657,tensor(0.0002),2.5982503454013983,2.233293294906616,-2.016477346420288,0.5015040040016174,-2.0,0.0,-1.8138259649276733,2.940650463104248,0.5012566447257996,-0.19374656677246094,1.1940789222717285,0.49894195795059204,1.169551134109497,445.0261824131012
39200,1.8543370962142944,1.855901252692294,tensor(0.0002),2.607855745190983,2.2480411529541016,-2.0098085403442383,0.5163502097129822,-2.0,0.0,-2.0698819160461426,3.1852762699127197,0.5009223818778992,-0.17838099598884583,1.2118384838104248,0.5013320446014404,1.168345332145691,447.3169972896576
39400,1.8761179447174072,1.8517139155388553,tensor(0.0002),2.6506956754683326,2.23875093460083,-2.051199436187744,0.4802758991718292,-2.0,0.0,-1.7094374895095825,2.7865405082702637,0.5044235587120056,-0.24809029698371887,1.187363862991333,0.5023078322410583,1.1694036722183228,449.60846614837646
39600,1.82633638381958,1.8503184598431033,tensor(0.0002),2.6508725346491686,2.2359089851379395,-1.975218653678894,0.5105730295181274,-2.0,0.0,-1.975600004196167,3.133908748626709,0.5016367435455322,-0.22905293107032776,1.2105001211166382,0.500160813331604,1.1688332557678223,451.9266245365143
39800,1.827359914779663,1.8447191339054365,tensor(0.0002),2.8477956907538844,2.266270637512207,-1.9751441478729248,0.4768874943256378,-2.0,0.0,-1.9544334411621094,3.0501320362091064,0.5034618973731995,-0.1922365128993988,1.2092232704162598,0.500764787197113,1.1688154935836792,454.24505138397217
40000,1.8065383434295654,1.842788236037494,tensor(0.0002),2.548198532054963,2.249228000640869,-1.959598422050476,0.5236157178878784,-2.0,0.0,-1.830439567565918,3.0364584922790527,0.5013653635978699,-0.21758972108364105,1.1982065439224243,0.4974452555179596,1.1692438125610352,456.5550994873047
40200,1.8403325080871582,1.8451492293326321,tensor(0.0002),2.3971840566620455,2.264150619506836,-1.945137858390808,0.5314462780952454,-2.0,0.0,-1.7549571990966797,3.1710119247436523,0.5032221674919128,-0.21381042897701263,1.2176097631454468,0.5009384155273438,1.1715644598007202,458.8443615436554
40400,1.852276086807251,1.846862230507228,tensor(0.0002),2.337262482762442,2.2363219261169434,-1.9769355058670044,0.4942317306995392,-2.0,0.0,-1.8619370460510254,2.9945387840270996,0.5031115412712097,-0.2262074202299118,1.2046023607254028,0.498564749956131,1.1690154075622559,461.1881024837494
40600,1.8261878490447998,1.833286664180413,tensor(0.0002),2.3068996775439254,2.227635145187378,-2.0009679794311523,0.5005477070808411,-2.0,0.0,-2.1158578395843506,2.8933675289154053,0.4954618811607361,-0.175086110830307,1.2199833393096924,0.4952145516872406,1.1706026792526245,463.48488879203796
40800,1.8239333629608154,1.835032059176151,tensor(0.0002),2.3896051517424723,2.230496644973755,-2.0189805030822754,0.48809245228767395,-2.0,0.0,-1.8543121814727783,2.919185161590576,0.4981471598148346,-0.18658314645290375,1.1848317384719849,0.49968481063842773,1.1707768440246582,465.7550587654114
41000,1.860743522644043,1.8449676599773102,tensor(0.0002),2.6703366895687566,2.277407646179199,-1.9828763008117676,0.5029921531677246,-2.0,0.0,-2.041731595993042,3.10518217086792,0.5031433701515198,-0.19474206864833832,1.1887813806533813,0.5046272277832031,1.1731960773468018,468.0139989852905
41200,1.8573397397994995,1.8460664916651055,tensor(0.0002),2.5807762825153326,2.2474541664123535,-1.9994537830352783,0.5208602547645569,-2.0,0.0,-1.8631633520126343,2.7609915733337402,0.501307487487793,-0.211931973695755,1.1992437839508057,0.5011623501777649,1.1722495555877686,470.2132451534271
41400,1.8634991645812988,1.8346217263789732,tensor(0.0002),2.6204724703830227,2.2498555183410645,-2.010622501373291,0.5577822923660278,-2.0,0.0,-2.0407774448394775,2.769254684448242,0.500980794429779,-0.17814849317073822,1.185122013092041,0.49964776635169983,1.172438383102417,472.52538418769836
41600,1.837512493133545,1.8354885103615919,tensor(0.0002),2.3359911171609573,2.2446794509887695,-1.9756630659103394,0.4909554719924927,-2.0,0.0,-1.873117446899414,2.833380699157715,0.5002918243408203,-0.1820906102657318,1.2374498844146729,0.4978439211845398,1.173287034034729,474.75169038772583
41800,1.8245187997817993,1.836121008942843,tensor(0.0002),2.6756643661544794,2.2479794025421143,-2.016792058944702,0.5207345485687256,-2.0,0.0,-2.017749786376953,2.862009048461914,0.49705374240875244,-0.18611487746238708,1.216601848602295,0.4987165033817291,1.1718028783798218,476.95985555648804
42000,1.805868148803711,1.825849119696597,tensor(0.0002),2.3319552042655807,2.2629599571228027,-1.9710373878479004,0.5221576690673828,-2.0,0.0,-1.9974946975708008,3.530111074447632,0.5009194612503052,-0.22326739132404327,1.2169849872589111,0.4986919164657593,1.1727261543273926,479.1953628063202
42200,1.820430874824524,1.8278574141492991,tensor(0.0002),2.4135667037222133,2.2553229331970215,-1.9536155462265015,0.5272308588027954,-2.0,0.0,-1.9651660919189453,2.860568046569824,0.5030157566070557,-0.19939808547496796,1.222943902015686,0.4997605085372925,1.172163486480713,481.4261746406555
42400,1.8261656761169434,1.8325456909835764,tensor(0.0002),2.482733590570414,2.2482962608337402,-1.9434024095535278,0.5322455763816833,-2.0,0.0,-1.7464723587036133,3.027869701385498,0.5009316802024841,-0.1740959733724594,1.2162823677062988,0.4979872703552246,1.1733489036560059,483.6747303009033
42600,1.8200087547302246,1.8300823209864032,tensor(0.0002),2.5651345692051932,2.2375826835632324,-2.0050811767578125,0.5273319482803345,-2.0,0.0,-2.1187996864318848,3.0691637992858887,0.5067415237426758,-0.20485825836658478,1.1982313394546509,0.503684401512146,1.1724193096160889,485.9363353252411
42800,1.8170188665390015,1.8227643089711205,tensor(0.0002),2.4580296640719954,2.254817485809326,-1.9740145206451416,0.5294203758239746,-2.0,0.0,-1.9034985303878784,2.809899091720581,0.5035057067871094,-0.1968861222267151,1.1971628665924072,0.5004009008407593,1.1731183528900146,488.21198987960815
43000,1.840287685394287,1.8325291842374223,tensor(0.0001),2.476066679194226,2.2655482292175293,-1.959862470626831,0.5145468711853027,-2.0,0.0,-1.9778575897216797,2.9653172492980957,0.5014343857765198,-0.19305749237537384,1.2167637348175049,0.49829620122909546,1.1729154586791992,490.45852732658386
43200,1.8304823637008667,1.8260682086807838,tensor(0.0001),2.248780721195894,2.248779773712158,-1.975942611694336,0.5485809445381165,-2.0,0.0,-1.7742031812667847,3.1128756999969482,0.5038073062896729,-0.1803341954946518,1.1717448234558105,0.5016374588012695,1.1752302646636963,492.76649165153503
43400,1.8215388059616089,1.8248303824441785,tensor(0.0001),2.5725067410388385,2.2647857666015625,-1.9628825187683105,0.4955975115299225,-2.0,0.0,-1.9229406118392944,3.0498414039611816,0.4990110695362091,-0.22017402946949005,1.1938167810440063,0.49723735451698303,1.1750156879425049,495.0661702156067
43600,1.8348947763442993,1.8252682442096373,tensor(0.0001),2.6240897945828627,2.2488436698913574,-2.029052734375,0.5165525078773499,-2.0,0.0,-2.0096538066864014,3.105043649673462,0.5070220232009888,-0.18724332749843597,1.1832295656204224,0.5033153295516968,1.1741081476211548,497.4060628414154
43800,1.8345675468444824,1.824507084613808,tensor(0.0001),2.2430069889842965,2.254138469696045,-1.9673126935958862,0.48760706186294556,-2.0,0.0,-2.2157535552978516,3.2965281009674072,0.5036373734474182,-0.1968095749616623,1.1796305179595947,0.49729612469673157,1.1758619546890259,499.7086911201477
44000,1.7827790975570679,1.8148800716214217,tensor(0.0001),2.4591647892417705,2.2676005363464355,-1.9613189697265625,0.5112189054489136,-2.0,0.0,-1.786354660987854,3.010122776031494,0.5038579702377319,-0.19128601253032684,1.2305973768234253,0.5013918280601501,1.1751865148544312,502.0473392009735
44200,1.845918893814087,1.8236609699055362,tensor(0.0001),2.3828391504721194,2.241330862045288,-2.018613815307617,0.5095352530479431,-2.0,0.0,-2.2645344734191895,3.335951805114746,0.49642080068588257,-0.17621994018554688,1.2018132209777832,0.49707266688346863,1.1747307777404785,504.3832621574402
44400,1.8325077295303345,1.81697362026019,tensor(0.0001),2.333942069065225,2.2516510486602783,-2.0156474113464355,0.5275633931159973,-2.0,0.0,-1.9597448110580444,2.9518420696258545,0.5000686645507812,-0.20368988811969757,1.185672640800476,0.5003771185874939,1.1764580011367798,506.74478554725647
44600,1.760398507118225,1.8200994034949807,tensor(0.0001),2.3938621263894975,2.225277900695801,-1.9784846305847168,0.4942392110824585,-2.0,0.0,-2.1508448123931885,2.7885842323303223,0.5015210509300232,-0.20980148017406464,1.1929998397827148,0.49837660789489746,1.1750938892364502,509.0519859790802
44800,1.8121155500411987,1.8251223200224738,tensor(0.0001),2.766544586539169,2.2519984245300293,-1.9363694190979004,0.5033355355262756,-2.0,0.0,-2.152681827545166,3.082192897796631,0.5019351243972778,-0.18851089477539062,1.2042951583862305,0.49752721190452576,1.175844669342041,511.3708460330963
45000,1.774827003479004,1.8126486573832228,tensor(0.0001),2.6469725661725856,2.2593777179718018,-1.9837212562561035,0.5138224363327026,-2.0,0.0,-2.109588861465454,3.0699472427368164,0.5144428014755249,-0.17631687223911285,1.1727157831192017,0.5113245248794556,1.175053596496582,513.6767020225525
45200,1.8107099533081055,1.8086278431915892,tensor(0.0001),3.3078263845164635,2.2770466804504395,-1.9265425205230713,0.5097858309745789,-2.0,0.0,-2.059831142425537,3.176577091217041,0.5060387849807739,-0.20405744016170502,1.1750677824020386,0.5035037994384766,1.1755871772766113,515.9660530090332
45400,1.78343665599823,1.8039929197022084,tensor(0.0001),2.3902984066614614,2.2729315757751465,-2.0128400325775146,0.5266594290733337,-2.0,0.0,-1.8930134773254395,2.9787163734436035,0.5023890733718872,-0.20848682522773743,1.192165493965149,0.5035962462425232,1.1765763759613037,518.2928047180176
45600,1.8091734647750854,1.8080017565233435,tensor(0.0001),2.838035426383254,2.26131010055542,-1.950874924659729,0.5402999520301819,-2.0,0.0,-1.8078752756118774,3.105973720550537,0.49590209126472473,-0.1865757554769516,1.1846997737884521,0.49647483229637146,1.1766610145568848,520.589681148529
45800,1.7823445796966553,1.804089580417601,tensor(0.0001),2.4135169962002694,2.2568845748901367,-1.966651201248169,0.52467280626297,-2.0,0.0,-1.896217703819275,3.3715667724609375,0.5004057288169861,-0.19605965912342072,1.1779539585113525,0.4997652471065521,1.1759364604949951,522.8651990890503
46000,1.8269474506378174,1.8116409213168654,tensor(0.0001),2.5283905391214154,2.2435035705566406,-1.9495835304260254,0.5039765238761902,-2.0,0.0,-1.9094874858856201,2.9265522956848145,0.5061680674552917,-0.1799217164516449,1.203231692314148,0.5021496415138245,1.1755014657974243,525.1260118484497
46200,1.7913631200790405,1.8053549502468313,tensor(0.0001),2.537347281795479,2.2700788974761963,-1.9175074100494385,0.5316823720932007,-2.0,0.0,-2.002214193344116,3.0188372135162354,0.5057803988456726,-0.1925552934408188,1.1930851936340332,0.5014083981513977,1.1759618520736694,527.4560394287109
46400,1.8022712469100952,1.8035542249546164,tensor(0.0001),2.3935475690951433,2.242894172668457,-1.9894862174987793,0.5480300784111023,-2.0,0.0,-1.751496434211731,2.8464369773864746,0.49987083673477173,-0.17445044219493866,1.2005298137664795,0.4980732500553131,1.1763224601745605,529.7889204025269
46600,1.7858299016952515,1.8083059713789629,tensor(0.0001),2.4360243357955897,2.269774913787842,-1.9368557929992676,0.519557535648346,-2.0,0.0,-2.005814552307129,2.986898422241211,0.5076227188110352,-0.17485007643699646,1.2009533643722534,0.49942657351493835,1.1769740581512451,532.0660774707794
46800,1.8140629529953003,1.8070153428539832,tensor(0.0001),2.2644985229372847,2.2290940284729004,-1.9654107093811035,0.5092595815658569,-2.0,0.0,-1.735101580619812,3.1595840454101562,0.5049822330474854,-0.18287475407123566,1.211052656173706,0.49855056405067444,1.1750364303588867,534.3276374340057
47000,1.808110237121582,1.8070773921923722,tensor(0.0001),2.694569824172235,2.2652077674865723,-2.0037717819213867,0.48644909262657166,-2.0,0.0,-1.6647984981536865,2.8294339179992676,0.5041427612304688,-0.21853108704090118,1.1794558763504028,0.49854186177253723,1.1770907640457153,536.6328825950623
47200,1.806443691253662,1.7991976667950431,tensor(0.0001),2.422145417400245,2.2490973472595215,-1.975160002708435,0.5291475653648376,-2.0,0.0,-2.046198606491089,2.9452266693115234,0.5049036145210266,-0.22998188436031342,1.1763261556625366,0.5015475153923035,1.1766808032989502,538.9145829677582
47400,1.800126552581787,1.8039624577318312,tensor(0.0001),2.3845033752818336,2.263190269470215,-1.94879949092865,0.5015709400177002,-2.0,0.0,-1.8818155527114868,3.0305140018463135,0.5018277168273926,-0.21224574744701385,1.1887062788009644,0.49933502078056335,1.1781216859817505,541.2302775382996
47600,1.8177441358566284,1.807203848267427,tensor(0.0001),2.4161513189425077,2.2669520378112793,-1.9840196371078491,0.5356791019439697,-2.0,0.0,-1.9682559967041016,3.0075571537017822,0.5018923878669739,-0.21696124970912933,1.2048734426498413,0.5003744959831238,1.1801239252090454,543.5510895252228
47800,1.8049734830856323,1.8020868764566769,tensor(0.0001),2.430017837183783,2.256108283996582,-1.944610834121704,0.5302470922470093,-2.0,0.0,-2.1091673374176025,3.255939245223999,0.5002167224884033,-0.18716059625148773,1.1787655353546143,0.495929092168808,1.1776736974716187,545.8475737571716
48000,1.8358179330825806,1.7961110561978293,tensor(0.0001),2.769114327689684,2.250568151473999,-1.987870693206787,0.5003512501716614,-2.0,0.0,-1.7088009119033813,2.896047592163086,0.5033226609230042,-0.19865240156650543,1.1752207279205322,0.49976974725723267,1.1769201755523682,548.1483817100525
48200,1.807210087776184,1.8059961274124419,tensor(0.0001),2.3722385830670296,2.2840826511383057,-2.019662380218506,0.48264169692993164,-2.0,0.0,-1.6866753101348877,2.860104560852051,0.505478024482727,-0.18143421411514282,1.1955324411392212,0.5023662447929382,1.1790251731872559,550.4845459461212
48400,1.7906678915023804,1.7989852479191129,tensor(0.0001),2.619590950890631,2.2535758018493652,-1.9560444355010986,0.514793872833252,-2.0,0.0,-1.7800636291503906,3.019909143447876,0.499661386013031,-0.18016600608825684,1.1977225542068481,0.4973457157611847,1.1773059368133545,552.8390302658081
48600,1.8017865419387817,1.7962149433758348,tensor(0.0001),2.3984654699480576,2.2564008235931396,-1.9998034238815308,0.49629488587379456,-2.0,0.0,-1.829115629196167,2.909890651702881,0.49532485008239746,-0.1752513200044632,1.2088056802749634,0.49707576632499695,1.1781001091003418,555.1625816822052
48800,1.8038008213043213,1.8018471321705916,tensor(0.0001),2.29700595776511,2.2797651290893555,-1.9620990753173828,0.5250410437583923,-2.0,0.0,-1.7505555152893066,2.7692394256591797,0.502072811126709,-0.2057652771472931,1.2081670761108398,0.49905499815940857,1.1789631843566895,557.4710779190063
49000,1.8096340894699097,1.8006426099585704,tensor(0.0001),3.072442062580049,2.269038438796997,-1.9460868835449219,0.5247873663902283,-2.0,0.0,-2.170600175857544,3.059534788131714,0.5015460848808289,-0.21737603843212128,1.1908671855926514,0.5017516016960144,1.1769152879714966,559.7428047657013
49200,1.8150763511657715,1.8074815657996184,tensor(0.0001),2.3572347374369493,2.2682533264160156,-1.9724876880645752,0.524293065071106,-2.0,0.0,-1.8798331022262573,3.0568671226501465,0.5023887157440186,-0.19422636926174164,1.1986836194992065,0.5025635957717896,1.1789426803588867,562.056266784668
49400,1.775913953781128,1.796345414405992,tensor(0.0001),2.349856429688943,2.259521484375,-1.9794700145721436,0.5212425589561462,-2.0,0.0,-1.99508535861969,2.7998785972595215,0.5013357400894165,-0.16847440600395203,1.1908118724822998,0.501461923122406,1.1777448654174805,564.4312279224396
49600,1.8223662376403809,1.794346804059225,tensor(0.0001),2.473831015624892,2.2801127433776855,-1.9454705715179443,0.5224493741989136,-2.0,0.0,-2.04673433303833,3.327425479888916,0.49436384439468384,-0.19341227412223816,1.193311095237732,0.4952654242515564,1.1786134243011475,566.733838558197
49800,1.7792285680770874,1.7962587180738836,tensor(0.0001),2.6201499140562743,2.2600557804107666,-1.968574047088623,0.5209624171257019,-2.0,0.0,-1.8865264654159546,3.025073289871216,0.5048760771751404,-0.19420413672924042,1.1964348554611206,0.499419242143631,1.1764304637908936,569.0242822170258
50000,1.8126795291900635,1.7972013317245246,tensor(0.0001),2.460667964693345,2.2588796615600586,-1.9679055213928223,0.49903687834739685,-2.0,0.0,-2.4583492279052734,3.3722805976867676,0.501940906047821,-0.1833110898733139,1.199487328529358,0.5003803372383118,1.1787831783294678,571.3825032711029
